Metal,EPA_MCL_standard,EPA_SMCL_standard,EPA_AL_standard,NCGW_standard,NC_IMAC_standard,NC_CAMA_screening_level,HAL,EPA_standard_classification,Notes
Aluminum,NA,200,NA,NA,NA,3500,NA, ,
Antimony,6,NA,NA,NA,1,1,NA, ,
Arsenic,10,NA,NA,10,NA,10,NA, ,
Barium,2000,NA,NA,700,NA,700,NA, ,
Beryllium,4,NA,NA,NA,4,4,NA, ,
Boron,NA,NA,NA,700,NA,700,NA, ,
Cadmium,5,NA,NA,2,NA,2,NA, ,
Calcium,NA,NA,NA,NA,NA,NA,NA, ,
Chromium,100,NA,NA,10,NA,10,NA, ,
Cobalt,NA,NA,NA,1,NA,1,NA, ,
Copper,NA,1000,1300,1000,NA,1000,NA,TT action level, 
Hexavalent Chromium,NA,NA,NA,NA,NA,NA,0.07, ,NCDHHS has set health advisory level (NCHAL) of 0.07 
Iron,NA,300,NA,300,NA,300,NA, ,
Lead,NA,NA,15,15,NA,15,NA,TT action level,
Magnesium,NA,NA,NA,NA,NA,NA,NA, ,
Manganese,NA,50,NA,50,NA,50,300,,EPA lifetime health advisory limit 
Mercury,2,NA,NA,1,NA,1,NA,,
Molybdenum,NA,NA,NA,NA,NA,18,NA, ,
Nickel,NA,NA,NA,100,NA,100,NA, ,Has been remanded back to EPA for further regulation
Potassium,NA,NA,NA,NA,NA,NA,NA, ,
Selenium,50,NA,NA,20,NA,20,NA,,
Silver,NA,100,NA,20,NA,NA,NA,,
Sodium,NA,NA,NA,NA,NA,20000,NA, ,
Strontium,NA,NA,NA,NA,NA,2100,NA, ,
Thallium,2,NA,NA,NA,0.2,0.2,NA,,
Uranium,30,NA,NA,NA,NA,NA,NA,Radionuclides rule,
Vanadium,NA,NA,NA,7,NA,0.3,NA, ,
Zinc,NA,5000,NA,1000,NA,NA,NA,,